Rows,FPW64
1,175220.363
2,1098138.823
3,2183879.303
4,2866426.704
5,5916700.089
6,9762519.873
7,6205871.746
8,12147766.92
9,21009593.02
10,17028069.02
11,32077629.04
12,33618477.33
13,47229362.89
14,45970919.94
15,56584865.78
16,54573296.25
17,59085446.74
18,57998106.08
19,77939821.65
20,72767266.95
21,89680063.37
22,86168281.17
23,109183866.4
24,105020689.3
25,126739327.9
26,121359795.4
27,145591948
28,140491797.9
29,170671215
30,158581136
31,190239229
32,213632309.9
33,218435965.5
34,196863414
35,244218872.5
36,227908662.5
37,287540484.2
38,264900328.4
39,262305246.7
40,307690952.6
41,293126903.5
42,327168009.8
43,317357933.9
44,359732884
45,352055198.1
46,411294438.8
47,379240886.6
48,554374119.5
49,443951840.6
50,433960489
51,464297832.2
52,449298193.6
53,535397933.9
54,477747011.5
55,509614877.7
56,506726070.3
57,643323548.9
58,609865595
59,584337318.5
60,636311015.2
61,671575516.1
62,816981980
63,676158707.9
64,950206661
65,487288116.9
66,544302638.4
67,500025934.2
68,582768918.2
69,530138516.3
70,596135843.6
71,572993004.7
72,639096555.7
73,606182356.9
74,684490856.1
75,625604910.6
76,693939802.5
77,673062808
78,727120453.3
79,707133689
80,1138554970
81,708514963.5
82,757878905.5
83,742856319.7
84,824044803.1
85,780219571.9
86,859271609.7
87,813829551.4
88,922166226.4
89,862051892
90,948055731
91,896901224.7
92,1031839713
93,924828913.9
94,1075228744
95,953686002.3
96,1496753078
97,1009747018
98,1124210315
99,953882078
100,1167603721
101,1038980901
102,1230593372
103,1102447982
104,1327622669
105,1155458823
106,1278370679
107,1190434577
108,1164580232
109,1213350661
110,1361837617
111,1238172717
112,1858832845
113,1300325715
114,1440558056
115,1539300485
116,1338734642
117,1454943823
118,1511710919
119,1341171512
120,1680295013
121,1368829469
122,1532488886
123,1468769639
124,1489922481
125,1495505902
126,1731428871
127,1544903038
128,2481666481
129,1632528641
130,1765604252
131,1685648945
132,1967866417
133,2008256591
134,1665464896
135,1836943140
136,2196648695
137,1859871528
138,2038580621
139,1911704593
140,2020574033
141,1957238385
142,2192812611
143,2343526042
144,2145695364
145,1902071076
146,2175685025
147,1749666851
148,2278780140
149,1939301051
150,2245550040
151,2081682306
152,2351237952
153,2360999132
154,2576735699
155,2550472165
156,2587141937
157,2243330837
158,2558633386
159,2505546258
160,2365019488
161,2568718777
162,2369955434
163,2616148003
164,2449435640
165,2364174207
166,2721077626
167,2390708361
168,2963391850
169,2620229354
170,2436592850
171,2878938033
172,2591161244
173,2741440818
174,2568654068
175,2809670413
176,2703510691
177,2957877212
178,2652787258
179,2670749322
180,2701761645
181,2936423094
182,2780176579
183,3153593841
184,2921442931
185,2788230722
186,3184639222
187,2776060838
188,3359337487
189,2979115099
190,2876070674
191,3339840381
192,3765284140
193,2436997206
194,2186572291
195,2307669323
196,2687710491
197,2501313145
198,2214113143
199,2615192394
200,2354937639
201,2717291422
202,2221473972
203,2502512072
204,2379364885
205,2735578433
206,2473849566
207,2940200447
208,2836415685
209,2289979926
210,2416478787
211,2713073642
212,2546068612
213,2977031133
214,2594972758
215,2976157711
216,2755979619
217,3029516459
218,2718054485
219,3105029711
220,2803194556
221,3133998616
222,2771245545
223,3315148570
224,3356528400
225,2671938796
226,2743268779
227,3175146991
228,2762909787
229,3087831740
230,2919455566
231,2789339421
232,3097614058
233,2887390356
234,3002637184
235,2919151589
236,3052568514
237,2918064533
238,3001305221
239,2902039573
240,3376110404
241,2898703993
242,3094275181
243,3521859386
244,3121784239
245,3261078279
246,3088927299
247,3230181229
248,3793357947
249,3218500651
250,3216788987
251,3536264020
252,3315337546
253,3599302132
254,3257084169
255,3708195989
256,4519448141
257,3169291376
258,3115461541
259,2646054650
260,3360381528
261,3053890919
262,2812149923
263,3158192667
264,2924246501
265,3251456170
266,2992126371
267,2900018197
268,3367276137
269,2876838142
270,2925363844
271,3453910504
272,3341460901
273,3165298203
274,2972464010
275,2918043676
276,3036128479
277,3315274871
278,3376697654
279,3027606067
280,3638043312
281,3074695619
282,3588623214
283,3650354470
284,3450047477
285,3131671797
286,3360090863
287,3799163647
288,3788807713
289,2959725020
290,3381827134
291,3041605843
292,3553611584
293,3000159795
294,3272740515
295,2994225748
296,3741718726
297,3183704321
298,3223450706
299,3179585063
300,3261691393
301,3184253297
302,3439599491
303,3188887634
304,3960155391
305,3126330828
306,3662579589
307,3221150675
308,3914422608
309,3883800022
310,4270531565
311,3896651981
312,4184886244
313,3441900687
314,3582711439
315,3961893996
316,3519306617
317,3502936264
318,3980721487
319,3902449956
320,3982424890
321,3892661188
322,3860093602
323,3341229550
324,3738522518
325,3173333165
326,3836158572
327,3339077920
328,3551485117
329,3475201067
330,3948115651
331,4074541516
332,3629022643
333,3367461787
334,3671995232
335,4223703690
336,4205249875
337,3338095768
338,3291120857
339,3976022090
340,3976894327
341,3789906974
342,3434799645
343,3358967770
344,4335241151
345,3819258354
346,3534664186
347,4137222594
348,4271216996
349,4327571982
350,3619607298
351,4117872742
352,3944433806
353,3619760158
354,4327650266
355,3695362307
356,5144207721
357,4375191692
358,4184138661
359,3760020837
360,4430429296
361,4096111249
362,3739168145
363,4196505777
364,4927330784
365,3899170142
366,4497091589
367,4516826236
368,4049235736
369,3890572243
370,4429238969
371,4344849980
372,4386127604
373,3829910154
374,4434940750
375,4378179918
376,4092286412
377,3794758480
378,4016987499
379,4472266297
380,4524588596
381,4698472707
382,4328657476
383,4731185567
384,6004304433
385,3140715730
386,3204768516
387,3565445143
388,3758806804
389,3553012848
390,3113885594
391,3376997331
392,3211992982
393,3674880506
394,3177173129
395,3439947726
396,3689941997
397,3678285448
398,3099305697
399,3136203196
400,3584700171
401,3071222413
402,3718327047
403,3755074994
404,3231956031
405,3251060776
406,3836899167
407,3817890479
408,3402028882
409,3808944684
410,3313905367
411,3806935651
412,4060135346
413,4387966493
414,3984736775
415,3906826040
416,4135825275
417,3185281218
418,3681114766
419,3412858298
420,3860659148
421,3897123537
422,3856283581
423,3245409708
424,3977239005
425,3379227055
426,3957556084
427,3902596911
428,4073435247
429,3304975193
430,3988706687
431,3985771752
432,4885780886
433,3925492224
434,3891762763
435,3754249348
436,3852979329
437,3846530633
438,4141103822
439,4000356676
440,4277471661
441,3420779916
442,4009214430
443,3981850552
444,4265363842
445,3458337744
446,4092658249
447,3957139048
448,4290762097
449,3305075050
450,3948143915
451,3321578210
452,3851552777
453,3583168197
454,3987983998
455,4007859433
456,4234297359
457,3377661343
458,3879790264
459,3518053100
460,4161258604
461,4042229740
462,3485620172
463,4064721388
464,3519550357
465,4106460133
466,4056100426
467,4078000942
468,4323710669
469,4157126112
470,4185345888
471,3679039058
472,4410870938
473,4197409961
474,4279875789
475,3592405440
476,4370886260
477,3697785891
478,4265716748
479,4316603764
480,4652453303
481,3462483402
482,4148931857
483,3643576112
484,4322622257
485,4190786369
486,3629644731
487,4054280980
488,3876059004
489,4290344945
490,4350516063
491,4302257398
492,3745363707
493,4296119632
494,3734977677
495,4263817637
496,4627771370
497,4224784088
498,3700254178
499,4232875473
500,4494284574
501,3601479250
502,4302940895
503,3824467204
504,4654318408
505,4445643184
506,4364229178
507,3720671775
508,4623218533
509,3955168686
510,4541326443
511,4555537932
512,5170150584
513,4472110101
514,3984250264
515,4535672372
516,4517913675
517,4343681961
518,4347864335
519,4607903261
520,4842978233
521,4632433287
522,3975318668
523,4604853485
524,4799144814
525,3992628755
526,4738718294
527,4091247098
528,5008629021
529,4711885467
530,4711225109
531,4746669341
532,4942218682
533,4736696882
534,4668805631
535,4613174898
536,5050656632
537,4402800793
538,4292046239
539,4214779227
540,4994392363
541,4656325797
542,4680079224
543,4884385079
544,5213131768
545,4951490120
546,4699999229
547,4644671051
548,4124215987
549,4787016923
550,4232665378
551,4737316794
552,5106113333
553,4699548193
554,4970522030
555,4231629566
556,5031080983
557,4755097712
558,4701987003
559,4205278237
560,5189417739
561,4246139400
562,5007277426
563,4913078157
564,4717708541
565,4176626717
566,4925550504
567,4246139109
568,5261894114
569,4948482461
570,4306056285
571,4842769912
572,4600876613
573,5031450029
574,5139094217
575,4709278519
576,5606711544
577,4205516812
578,4361247808
579,4894720845
580,5161491928
581,4518355591
582,4215466150
583,4903468900
584,4632360211
585,4948545321
586,4936364886
587,4266452959
588,5141244751
589,4437346543
590,5149782788
591,5088798658
592,5413246629
593,4327400609
594,5162438472
595,5095438512
596,5109074361
597,4548151714
598,5205491009
599,4835871596
600,4654902083
601,5026195797
602,4613663853
603,5238988537
604,5424243724
605,5004546953
606,4537926960
607,5039010694
608,5000422743
609,5187108088
610,5233389699
611,4901975723
612,5041174145
613,5132315199
614,4606386629
615,4544826009
616,5584617476
617,4913349245
618,4998293577
619,4520816397
620,5528245359
621,5066585130
622,5288561087
623,4661893882
624,5058252815
625,5337676230
626,5106556808
627,5037500499
628,4695444453
629,5417097737
630,4730569726
631,4960264980
632,5052640036
633,5484892742
634,5578647065
635,5071165315
636,5670927454
637,5266375942
638,5212162124
639,4641171656
640,6122814129
641,4716752603
642,5105106404
643,4638925323
644,5664814659
645,5434730906
646,5040412627
647,4660155527
648,5762420846
649,4762848314
650,5540107284
651,4989181556
652,4853526384
653,5516657102
654,4869285992
655,5512194010
656,6162118297
657,5103925127
658,4770122587
659,5582365804
660,4834777702
661,5522985756
662,5660795942
663,4989310120
664,5088171016
665,5697654805
666,4943759619
667,5604389294
668,5895535617
669,5129006243
670,4859704973
671,5681179231
672,5595221956
673,5562845453
674,5306901094
675,4870760191
676,5875890652
677,6044642857
678,5703510951
679,5634190603
680,5432580758
681,4679587687
682,5788223917
683,4978852647
684,5953660460
685,6697977155
686,4902190572
687,5674188054
688,5545821083
689,5711886604
690,5840811840
691,4966550703
692,5156801795
693,5797963084
694,5127497320
695,5690764896
696,6333605473
697,5174840822
698,5070892534
699,5865311513
700,5331575134
701,5816202453
702,5443341622
703,5736175483
704,5718262026
705,6699217910
706,5750725368
707,5566299265
708,5229960426
709,4812679559
710,5714440239
711,4993958904
712,6203182966
713,4860816729
714,4988316051
715,5782575910
716,5224808739
717,5665364348
718,5845892480
719,4968955242
720,5549856723
721,5852213483
722,5159202022
723,5789815185
724,6111629648
725,6593442397
726,5181553427
727,5710158954
728,5510738924
729,4971907086
730,6073890846
731,5172160385
732,5724917934
733,5886181667
734,6752020070
735,5988789279
736,5698483347
737,5885814755
738,5141424038
739,5022020859
740,6216485981
741,4977634846
742,4881467274
743,6002711655
744,5700868395
745,5614587169
746,5602859115
747,5097934372
748,6462698178
749,5028732651
750,5301014917
751,4995220461
752,6960827470
753,5060979829
754,6427331860
755,7123412696
756,5414369026
757,5935918078
758,5365259485
759,5435903554
760,5650338626
761,5182068525
762,6191345051
763,5320069946
764,6373965100
765,5894564876
766,5300985784
767,5224449800
768,7082807686
769,4039210193
770,4463118658
771,4341546737
772,4065790121
773,3869033977
774,4602979307
775,4026631376
776,5796076275
777,4534433394
778,4114885830
779,4501645077
780,4867720809
781,3948385115
782,4777235807
783,3978394524
784,5001390477
785,4102172485
786,4160586333
787,4490668937
788,4539919071
789,3962276089
790,4895134665
791,4018764400
792,4327723885
793,4610056431
794,4219615054
795,4557094237
796,4542452859
797,4037632659
798,4151742951
799,4710649024
800,4604176214
801,4357388215
802,4592236011
803,4129188289
804,4167579414
805,4745146317
806,4084561464
807,4011677195
808,4994578478
809,4206237998
810,4390491490
811,4324695598
812,4247381175
813,4836316216
814,4287783739
815,4434666330
816,4785581885
817,4094016039
818,4928307619
819,4096586301
820,4253166659
821,4750959238
822,4301816170
823,4390017084
824,4720151043
825,5083336227
826,4284143816
827,4321382220
828,5092507845
829,4434109894
830,4217190357
831,4199972004
832,5256668270
833,4134188413
834,4235915409
835,4208551837
836,4172597103
837,4037775865
838,4718789838
839,4147782178
840,4398824133
841,4223079307
842,4102345328
843,4844969289
844,4348482265
845,4106570001
846,4350769116
847,5045596871
848,4782162523
849,4075501301
850,4156132980
851,4770073936
852,4404727697
853,4354725036
854,4399718832
855,4204490464
856,4543436113
857,4103422451
858,4607032605
859,4297685839
860,4330395022
861,4169676903
862,4231476990
863,4815519860
864,4773335270
865,4253768753
866,4338250040
867,4226017368
868,4291086564
869,4155037317
870,4852850143
871,4876633674
872,5242535278
873,4176880935
874,4868876328
875,4339142124
876,4485263334
877,4194844686
878,4266902436
879,4215738575
880,5331206030
881,4993621556
882,5076776775
883,4384317020
884,4511287303
885,4304972098
886,4303455077
887,4270474439
888,4508105614
889,4953751832
890,4463800683
891,4954959729
892,4657050649
893,4480306299
894,4516882801
895,4354244502
896,5839476184
897,4419872637
898,4371459491
899,4363005461
900,4539591864
901,5157073996
902,4437962822
903,4390349742
904,5526890023
905,4531771952
906,4469847473
907,4411541660
908,5720546923
909,4453747893
910,4488580881
911,5268677028
912,4877336525
913,4454330175
914,4506105239
915,5240751911
916,4635681216
917,4468724696
918,4542803693
919,5268142888
920,4869544564
921,4488611075
922,4526219851
923,5470428783
924,5142533659
925,4667392675
926,5152898849
927,4686333289
928,5507782461
929,4571149598
930,4490848217
931,4455938009
932,5620685513
933,4822597448
934,5327615728
935,5314901367
936,4847499172
937,5344348001
938,4951001991
939,4481023818
940,5575361664
941,4867880561
942,4610211460
943,5376279358
944,5931049654
945,5154369219
946,5297304815
947,5366506338
948,4691056074
949,4616764184
950,5465351996
951,4744873140
952,5603737403
953,4709406274
954,5082049918
955,5484205204
956,5636504683
957,5467427067
958,5352573861
959,4802303665
960,5625667331
961,4564397711
962,4596087646
963,5819942449
964,4717886472
965,5056080874
966,4622042075
967,5415142992
968,5815378002
969,4590176482
970,5320951758
971,5369288998
972,5604651645
973,5503721024
974,5507671599
975,5277070864
976,5862161744
977,4716392835
978,4968541961
979,4734620450
980,5505426687
981,5337158184
982,5567186792
983,5157269475
984,6754333272
985,5858774239
986,5241032469
987,4853940319
988,6192495757
989,4905743150
990,4761764889
991,5339501837
992,6130641551
993,5122149254
994,5090925411
995,4980022432
996,5592473487
997,5082892984
998,4968546829
999,5037613524
1000,5801778302
1001,5372894609
1002,5150696513
1003,5242745172
1004,5559093989
1005,5137660339
1006,4994904039
1007,6313531984
1008,5806499943
1009,4951317576
1010,5503251921
1011,5615912833
1012,5989821895
1013,5060088355
1014,6743423277
1015,5437978359
1016,5849473707
1017,5694646757
1018,5785515657
1019,5741241360
1020,5644488003
1021,5501642196
1022,5339977360
1023,6067825076
1024,5944318679
1025,5401766777
1026,5817768973
1027,5249756205
1028,5555013122
1029,4998963722
1030,5853566800
1031,5476333857
1032,5492347733
1033,5189852599
1034,5859324033
1035,5785253939
1036,6046988724
1037,6090408407
1038,5545015915
1039,5253070963
1040,6469607234
1041,5548653933
1042,5913408722
1043,5757633333
1044,5728955655
1045,5067818586
1046,5314086836
1047,5740445661
1048,5786532675
1049,5202973060
1050,5264829173
1051,5839085861
1052,5482734394
1053,5440055230
1054,5457386857
1055,5876216380
1056,6012262507
1057,5044908593
1058,5212628767
1059,5822262025
1060,5551994205
1061,5824095431
1062,5867399121
1063,5558015760
1064,5636531197
1065,5860661476
1066,5615995260
1067,5317259381
1068,6041118750
1069,5420368589
1070,5340079498
1071,4974540757
1072,6420994984
1073,5408130226
1074,5496763827
1075,5057439825
1076,5944650257
1077,5632828149
1078,5608993962
1079,5126753036
1080,6329538967
1081,5573420729
1082,5329994800
1083,5085405517
1084,6161496567
1085,5229394310
1086,5211436072
1087,5728358051
1088,6237224839
1089,5285600927
1090,6443381319
1091,5450335671
1092,5243849387
1093,5491284400
1094,5773351313
1095,5211461260
1096,5435394865
1097,5601606355
1098,5697484154
1099,5320340690
1100,5386865544
1101,5821099280
1102,5602301647
1103,5548767518
1104,5673782237
1105,5824011523
1106,5856642229
1107,5238678370
1108,5325844176
1109,5729136740
1110,6168845836
1111,5862884309
1112,6024459518
1113,5308066472
1114,5448256660
1115,5128646422
1116,5782155542
1117,5687687941
1118,5448088125
1119,5183751932
1120,6315803472
1121,5568668337
1122,6138476228
1123,5995195690
1124,7181097700
1125,5301756536
1126,5679266305
1127,5592530151
1128,5600619272
1129,5815676109
1130,5887440064
1131,5720296887
1132,6355173972
1133,5386400748
1134,5251950843
1135,5681912034
1136,6189177733
1137,5520468562
1138,5211796086
1139,5469044408
1140,6037635159
1141,6110455681
1142,5687345772
1143,5855302324
1144,6769575035
1145,5432724699
1146,5765417574
1147,5722359981
1148,5524839202
1149,5815398001
1150,5949477101
1151,5447605079
1152,5929963444
1153,4446426082
1154,4648357641
1155,4431786799
1156,5783570907
1157,4716847408
1158,4312555136
1159,4571513860
1160,5028592816
1161,4506158498
1162,5887145460
1163,4646378709
1164,4457855172
1165,4483571470
1166,5132801468
1167,4341461609
1168,5161719411
1169,4709229406
1170,4380163291
1171,4507490525
1172,5069791361
1173,4769754860
1174,4411892312
1175,4500135343
1176,5169592443
1177,4614283248
1178,5402947808
1179,5130776014
1180,4806328348
1181,4700151541
1182,4807268612
1183,4404459609
1184,5107537386
1185,5084240782
1186,4504768896
1187,4711367578
1188,4880363843
1189,5454259354
1190,4546138159
1191,5922380049
1192,5078857069
1193,4423341839
1194,4534400473
1195,4884533032
1196,4788431460
1197,4413700457
1198,4533411207
1199,4890551048
1200,5084485365
1201,5344249398
1202,4881806546
1203,5408822842
1204,4881738375
1205,5549109909
1206,4978014252
1207,4436914846
1208,4796637138
1209,4906135694
1210,5396673455
1211,4484303569
1212,5132540833
1213,4626231029
1214,4489415670
1215,4474973624
1216,5325088128
1217,4521005096
1218,4342259960
1219,4298523257
1220,4734363375
1221,4672031924
1222,4368394385
1223,4308487135
1224,5084278100
1225,4449284122
1226,4360015779
1227,4324359894
1228,4909623624
1229,4723512445
1230,4431109548
1231,4300977949
1232,5394361305
1233,4808450830
1234,5440418104
1235,4616818963
1236,4479656326
1237,4380073938
1238,4744838577
1239,4746749163
1240,4719010444
1241,4388343373
1242,4951385461
1243,4650055647
1244,4592916327
1245,4430909530
1246,4805468765
1247,4824778206
1248,4877737402
1249,4356712330
1250,4893282514
1251,4873310667
1252,4583305132
1253,4358044081
1254,4800363579
1255,4568716266
1256,4716834797
1257,4378916722
1258,5216545383
1259,4433101052
1260,4787299278
1261,5215981414
1262,5016264892
1263,4671757201
1264,5991470339
1265,4601324815
1266,4501087022
1267,4459555400
1268,4941931301
1269,4724064088
1270,4518420200
1271,4427135517
1272,5041294029
1273,4834348142
1274,4560183201
1275,4509987515
1276,4919750522
1277,4681569616
1278,4575686805
1279,4517425830
1280,5500748365
1281,4799301356
1282,4612287082
1283,4773544162
1284,4870710137
1285,4525658909
1286,4566535116
1287,4746502587
1288,5382302100
1289,4825169279
1290,4634895101
1291,4574036321
1292,4894811822
1293,5421861106
1294,4651579509
1295,4864583121
1296,5129363170
1297,5026994859
1298,4700232276
1299,4857602097
1300,5934726850
1301,5051007674
1302,4693035629
1303,4676100717
1304,5163870614
1305,4839999128
1306,4736187373
1307,4688653544
1308,5060157126
1309,5399525203
1310,5490422922
1311,5392534672
1312,5497869788
1313,5607466628
1314,4907987120
1315,5661909635
1316,5698641649
1317,4614019868
1318,4842544720
1319,4895022650
1320,5961721393
1321,5514999544
1322,4771843990
1323,5018370876
1324,4876672622
1325,4956101840
1326,5595597552
1327,4892987868
1328,5172941457
1329,4923284871
1330,4905846641
1331,4723675731
1332,4847347944
1333,4736586914
1334,5627391683
1335,5763359941
1336,5986749089
1337,5316000136
1338,5713759840
1339,5248541126
1340,5859644116
1341,5164516221
1342,5552790338
1343,5048241989
1344,6207115506
1345,5235277723
1346,5595735661
1347,5722215220
1348,5641108071
1349,5041912621
1350,5433852301
1351,5002349501
1352,5970541276
1353,6045516572
1354,5860750807
1355,5627499562
1356,6014344574
1357,5227235711
1358,5673290067
1359,5952097019
1360,6351673994
1361,5154225511
1362,5581245183
1363,5850376171
1364,5889193411
1365,5236476499
1366,6483446168
1367,5464056343
1368,5687582771
1369,5598746026
1370,5168056816
1371,5324244387
1372,5573388585
1373,5382905710
1374,5902098365
1375,5599897888
1376,5706620090
1377,5491213332
1378,5868883573
1379,5279865904
1380,5638120464
1381,5307077240
1382,5285335259
1383,5130574861
1384,5575337087
1385,5300263280
1386,5997050358
1387,5451608332
1388,5635482048
1389,5365816443
1390,5298530040
1391,5361535388
1392,5695327192
1393,6661768218
1394,5334440914
1395,5470667478
1396,5619572970
1397,5377701705
1398,5272919093
1399,5000779607
1400,5808053469
1401,5877961004
1402,5394731768
1403,5376840680
1404,5597671009
1405,5309133510
1406,5282977878
1407,5151078086
1408,6008860255
1409,5215911417
1410,5293337437
1411,5249985547
1412,5360251525
1413,5147313810
1414,5256242806
1415,5318909400
1416,5705836650
1417,5229699007
1418,5169240125
1419,5190031831
1420,5214733833
1421,5381681510
1422,5310205245
1423,5265520545
1424,5846612710
1425,5845074707
1426,5246399264
1427,5190457290
1428,5462576561
1429,5102660526
1430,5459524520
1431,5144718540
1432,5817416890
1433,5161751797
1434,5337275564
1435,5278992495
1436,5712852569
1437,5129392151
1438,5504519125
1439,5180730364
1440,6064233165
1441,5175175259
1442,5361700697
1443,5153730921
1444,5686022076
1445,5066325435
1446,5464574332
1447,5962956854
1448,5545687711
1449,5947680244
1450,5407807203
1451,4589999672
1452,5506403819
1453,5070739569
1454,5606995656
1455,5077466857
1456,5993491216
1457,5120011108
1458,5375079258
1459,6148357360
1460,5309960549
1461,5333895732
1462,5152641882
1463,5560147012
1464,5549612674
1465,5476586495
1466,5225173158
1467,5403235230
1468,5389752312
1469,5331520087
1470,5240210491
1471,5633840087
1472,5778161240
1473,5517777219
1474,5209724422
1475,5428281146
1476,5443511308
1477,5356105668
1478,5268472194
1479,6152443547
1480,6151731552
1481,5214244777
1482,5643877339
1483,5192201290
1484,5722321378
1485,5251975950
1486,5465084886
1487,5233763516
1488,6925093764
1489,5610537101
1490,5285007189
1491,5550085748
1492,5390241419
1493,5476446998
1494,6344561742
1495,5235356490
1496,6098911591
1497,6095873906
1498,5359809588
1499,5620183886
1500,5506064695
1501,5461337916
1502,6587775247
1503,5280820698
1504,6209492715
1505,5235435860
1506,5781876176
1507,5257753367
1508,5920113487
1509,6669000522
1510,5385661779
1511,6252668636
1512,6110245582
1513,5256258066
1514,5570135990
1515,5331005630
1516,6583395696
1517,5452887055
1518,5395256265
1519,5676473741
1520,6009677597
1521,5612081856
1522,5428004408
1523,5575566803
1524,5618018520
1525,5767665811
1526,5444343002
1527,6345483767
1528,6241807443
1529,5413428499
1530,5720188531
1531,5404619423
1532,5946232515
1533,5408376973
1534,5977263462
1535,5454260775
1536,6610214893
1537,4458476426
1538,4825579875
1539,4527228527
1540,5588562378
1541,4698077641
1542,4617151066
1543,5372097631
1544,5266495957
1545,4563176555
1546,4819572218
1547,4538989834
1548,5592183722
1549,4747565118
1550,4599936381
1551,4922276437
1552,5761921530
1553,4569693063
1554,4880561224
1555,4570263369
1556,4968780956
1557,6060373608
1558,4652225094
1559,4736520940
1560,4957698664
1561,4936861297
1562,5512591776
1563,4973073846
1564,4796658527
1565,4844296461
1566,4657735672
1567,4723816080
1568,5089247471
1569,4851912293
1570,5393987185
1571,4528672906
1572,4998634693
1573,4536039107
1574,4823062520
1575,4525115625
1576,4915322013
1577,4584135128
1578,6459461637
1579,4572653891
1580,5118599708
1581,5548316943
1582,5499020060
1583,4636905106
1584,5142916851
1585,4591231874
1586,4810555936
1587,5460049059
1588,5808068321
1589,4630489398
1590,4848422802
1591,5675346975
1592,5732304198
1593,4621805975
1594,4704688007
1595,4710438523
1596,5442459237
1597,5570043944
1598,5397166702
1599,5225124342
1600,5134205759
1601,4847806201
1602,5023842092
1603,4772010009
1604,6345656721
1605,4440527528
1606,4901105876
1607,4787391700
1608,5361701812
1609,4696038239
1610,4984545733
1611,4852061448
1612,4967130050
1613,4697423144
1614,6345308557
1615,5009276422
1616,5795067607
1617,6276075641
1618,4715490006
1619,4676802601
1620,4997350998
1621,5022512691
1622,4730482070
1623,4795297580
1624,5214439484
1625,4741187811
1626,4811261016
1627,4847337074
1628,5122576176
1629,4877861031
1630,4754451356
1631,4638221222
1632,5342108978
1633,4701224066
1634,4707617327
1635,4629538779
1636,4875992692
1637,4537750428
1638,4768819237
1639,4696987956
1640,5147491975
1641,4719662171
1642,4603898863
1643,4709549643
1644,4765526924
1645,4636389474
1646,6446876756
1647,5429676966
1648,6009830365
1649,5439396870
1650,5445826186
1651,5426009460
1652,5646366482
1653,5422105385
1654,5504536535
1655,5433610779
1656,5786633092
1657,5463455231
1658,5485269422
1659,5297733003
1660,5634996837
1661,5428913904
1662,5529028557
1663,5113504792
1664,6277990136
1665,5397676063
1666,5455640130
1667,5379825527
1668,5303428550
1669,5300063791
1670,5395509220
1671,5336837114
1672,5852352319
1673,5303594803
1674,5386759950
1675,5417359319
1676,5833594610
1677,5627823328
1678,6712383045
1679,5601127047
1680,6229103194
1681,5640404375
1682,5653204393
1683,5439878964
1684,5424406120
1685,5264756674
1686,5939104589
1687,4816283285
1688,5177511043
1689,4811445958
1690,4860124084
1691,4810885911
1692,5040825973
1693,4845346683
1694,4888024160
1695,4808184230
1696,6275135685
1697,5472173816
1698,5733036650
1699,5469157586
1700,5933087145
1701,5677142829
1702,5757380540
1703,5694504136
1704,6169194362
1705,5675760401
1706,5771347669
1707,5316232596
1708,5476992521
1709,5241180139
1710,5343986324
1711,5693550651
1712,5358447014
1713,4788480130
1714,4901029660
1715,4824865790
1716,5026201151
1717,4818337523
1718,4896233117
1719,4834166332
1720,5235552824
1721,4871426322
1722,5691467620
1723,5757053052
1724,6016419614
1725,5753486081
1726,5836802296
1727,5758437356
1728,6530879687
1729,5643220813
1730,5694025279
1731,5659369008
1732,5860446732
1733,5610612332
1734,5756840919
1735,5681411712
1736,6131457340
1737,5672483358
1738,5601707396
1739,5470957430
1740,5977107944
1741,4851275846
1742,4899769748
1743,4878320235
1744,6377911658
1745,4955453646
1746,5195975245
1747,5131759539
1748,5106689750
1749,5198521219
1750,5511447339
1751,5869179428
1752,5242059182
1753,4902356236
1754,4981559495
1755,4893561119
1756,5112758062
1757,4903055019
1758,4968803757
1759,4877212482
1760,5463685426
1761,4856994286
1762,4947663254
1763,5763396619
1764,5327559948
1765,5371428093
1766,5654757394
1767,5649411857
1768,6053540123
1769,5750403051
1770,5846121487
1771,5764333975
1772,6002385265
1773,5626426302
1774,5473794865
1775,5569718872
1776,6090694926
1777,5714585477
1778,4952659625
1779,4908368505
1780,5109221726
1781,5792310540
1782,5127515923
1783,4925115025
1784,5279585745
1785,4920222049
1786,4922185830
1787,4936726178
1788,5170912105
1789,5550964720
1790,5304409279
1791,5251935391
1792,6361131331
1793,5449897251
1794,5241235774
1795,5308888939
1796,5714368771
1797,5562796326
1798,5549828655
1799,5635400425
1800,6015442527
1801,5636961909
1802,5616167206
1803,5546304986
1804,5919453275
1805,5531475414
1806,5600917373
1807,5571030177
1808,6205066341
1809,5572301828
1810,5631769699
1811,5565143979
1812,6301702839
1813,5089377591
1814,5147466382
1815,5104674921
1816,6239591822
1817,5875092277
1818,6025366083
1819,6039805814
1820,5311051492
1821,5715533469
1822,5217305703
1823,5351687666
1824,5788794789
1825,5240960190
1826,5160553982
1827,5067378817
1828,6311330791
1829,5080681843
1830,5180118334
1831,5096200294
1832,5523274655
1833,5531246265
1834,5307754572
1835,5314771038
1836,5357403060
1837,5147259462
1838,5236064897
1839,5168347667
1840,6756071763
1841,5449874320
1842,5824529781
1843,5749540320
1844,6300150084
1845,6107326835
1846,5428746152
1847,5539211387
1848,6424873243
1849,6119173645
1850,6182518250
1851,6234009224
1852,6437138969
1853,5776239013
1854,6188643795
1855,5507994562
1856,7605525618
1857,5796741732
1858,5787945902
1859,7055710560
1860,5466996403
1861,5879879770
1862,6272222407
1863,6192854087
1864,6516250770
1865,6237668677
1866,6337441492
1867,7367228049
1868,6803610571
1869,6261838731
1870,6329981770
1871,6015369702
1872,7442286893
1873,6267674172
1874,6380732026
1875,5582789137
1876,5543900974
1877,6256476341
1878,5652119092
1879,6018674074
1880,6878862528
1881,6317206018
1882,5680995608
1883,5335098206
1884,6639242002
1885,5596499486
1886,6401311951
1887,6347073430
1888,6761941618
1889,6838752618
1890,6363249728
1891,5857056818
1892,6635119145
1893,5947246947
1894,6402879122
1895,6282437386
1896,6045008916
1897,6030591201
1898,6436285975
1899,5647868861
1900,6548392107
1901,5767462852
1902,6442277882
1903,6132540304
1904,6823227635
1905,6340452460
1906,6304029373
1907,6381500373
1908,6859505336
1909,5970860984
1910,6489746455
1911,5828723017
1912,5926936093
1913,6402524106
1914,5818420002
1915,6173886811
1916,6663317967
1917,5755950204
1918,6763460837
1919,5700765631
1920,7205579942
1921,5198161449
1922,5102442978
1923,4943240784
1924,4872110106
1925,5498889522
1926,4887093471
1927,5398817720
1928,5342997193
1929,4932101757
1930,4749575157
1931,5538828006
1932,5056077276
1933,5074549770
1934,5322275689
1935,5163816275
1936,6178151949
1937,4845124274
1938,5373291315
1939,4804595021
1940,5814974465
1941,5704168726
1942,5640197954
1943,4866985951
1944,5310424743
1945,4885665180
1946,4818714625
1947,5245525307
1948,5146823802
1949,5608884984
1950,5505556602
1951,4937717194
1952,5704907800
1953,5829988763
1954,5060272430
1955,4839836198
1956,5443468120
1957,4726552277
1958,5312581818
1959,5381014489
1960,5204669270
1961,5312857663
1962,5025325319
1963,4765667315
1964,5569625854
1965,5514628973
1966,4827923564
1967,5480091492
1968,5458209022
1969,4794552845
1970,5050274227
1971,4944515857
1972,4978821484
1973,5401176042
1974,5023295500
1975,5655971332
1976,5162231039
1977,4979385980
1978,5022457349
1979,4790349864
1980,5325695610
1981,4953181630
1982,5586555758
1983,5585538700
1984,5319329394
1985,4896678480
1986,4755699922
1987,5185282377
1988,4663778287
1989,4886852867
1990,5128591164
1991,4412642216
1992,5068550166
1993,4493229842
1994,4770230775
1995,4585775890
1996,4669665979
1997,4638833848
1998,4696505663
1999,5276369494
2000,5043897405